Year,Age,Germans M,Germans F,Foreigners M,Foreigners F
1995,15 years,419461,400287,53320,48712
1995,16 years,396973,377403,53364,48083
1995,17 years,391455,372018,54926,48018
1995,18 years,388053,368508,56766,51389
1995,19 years,378521,361440,63242,58235
1995,20 years,365738,347841,69861,65628
1995,21 years,372220,356629,75291,71915
1995,22 years,379108,364088,82351,76853
1995,23 years,427948,410280,89743,80371
1995,24 years,488712,467219,93407,81441
1995,25 years,514562,493680,101929,82308
1995,26 years,566440,542105,102749,81350
1995,27 years,602471,577572,103141,78588
1995,28 years,627719,603081,97964,73226
1995,29 years,646372,621699,102778,73806
1995,30 years,653951,626038,104660,72269
1995,31 years,668730,643192,101770,69495
1995,32 years,668918,644925,96301,64494
1995,33 years,650272,628418,89653,61280
1995,34 years,647728,627067,78388,56138
1995,35 years,624509,606609,83139,58391
1995,36 years,612388,591644,73323,53654
1995,37 years,581565,562114,71302,50956
1995,38 years,572502,554830,68110,48714
1995,39 years,556926,540824,69468,50660
1995,40 years,543214,526066,63977,51493
1995,41 years,537343,522643,58150,51437
1995,42 years,523977,511250,52501,49922
1995,43 years,525843,511676,53318,52849
1995,44 years,518207,506300,50443,48509
1995,45 years,518321,506517,57317,54354
1995,46 years,502752,490331,57278,50726
1995,47 years,461000,450980,57568,48219
1995,48 years,432107,429017,57044,44644
1995,49 years,379667,378625,52535,39891
1995,50 years,334947,339712,47588,36258
1995,51 years,465655,466949,45282,33827
1995,52 years,478869,478434,43922,31043
1995,53 years,463867,466688,45661,30740
1995,54 years,573335,578196,42108,27496
1995,55 years,604726,614775,45549,29235
1995,56 years,597157,610259,40898,25490
1995,57 years,557547,572524,38492,24572
1995,58 years,522302,539805,34770,21999
1995,59 years,510227,533376,31553,20135
1995,60 years,496341,521063,26939,17920
1995,61 years,460914,489127,25885,16138
1995,62 years,367622,397046,23666,15083
1995,63 years,367180,401319,19548,13424
1995,64 years,374068,415403,16606,11620
1996,15 years,419145,400838,53835,48006
1996,16 years,421606,402534,55400,49818
1996,17 years,398744,379361,55337,49281
1996,18 years,393489,374215,57265,50899
1996,19 years,390084,371251,59550,56104
1996,20 years,380317,364117,67798,63431
1996,21 years,367549,350460,74442,70081
1996,22 years,373926,358974,80320,76005
1996,23 years,380524,366327,87280,80469
1996,24 years,429465,412431,93808,83449
1996,25 years,489926,469013,96393,83627
1996,26 years,515721,495341,104646,84068
1996,27 years,567408,543417,104245,82876
1996,28 years,603413,578625,104061,79936
1996,29 years,628483,604268,98389,74352
1996,30 years,647250,622770,102939,74601
1996,31 years,654859,627255,104365,72864
1996,32 years,669861,644493,100990,69950
1996,33 years,670111,646417,95540,64866
1996,34 years,651476,629893,88659,61679
1996,35 years,648962,628682,77395,56165
1996,36 years,625762,608234,82058,58317
1996,37 years,613497,593264,72052,53644
1996,38 years,582612,563643,70015,50801
1996,39 years,573391,556028,66900,48593
1996,40 years,557735,542057,68046,50527
1996,41 years,543997,527359,62640,51337
1996,42 years,537707,523673,56773,51238
1996,43 years,524100,512142,51251,49555
1996,44 years,525705,512509,51819,52467
1996,45 years,517867,506837,49346,48246
1996,46 years,517918,507019,55873,53941
1996,47 years,502089,490596,55867,50354
1996,48 years,460032,450916,56298,47860
1996,49 years,431081,428752,55934,44455
1996,50 years,378297,378126,51421,39672
1996,51 years,333405,339232,46430,35883
1996,52 years,462985,465764,44184,33514
1996,53 years,475798,477078,42939,30697
1996,54 years,461081,465477,44453,30386
1996,55 years,569269,576665,41141,27204
1996,56 years,599904,612864,44582,28977
1996,57 years,591918,608268,40030,25272
1996,58 years,552286,570680,37756,24417
1996,59 years,516741,537571,34125,21878
1996,60 years,503912,530932,30409,19731
1996,61 years,489376,518160,25712,17463
1996,62 years,453743,485923,24913,15858
1996,63 years,360980,394145,22731,14722
1996,64 years,360144,398159,18717,13123
1997,15 years,426493,405134,50279,45550
1997,16 years,421598,403528,53943,47599
1997,17 years,423769,405043,55871,49576
1997,18 years,401034,381934,55978,50555
1997,19 years,395824,377085,58040,54173
1997,20 years,392325,374013,61654,59886
1997,21 years,382633,366869,69327,66334
1997,22 years,369729,353208,76407,72545
1997,23 years,375802,361387,82248,77731
1997,24 years,382324,368667,88180,81248
1997,25 years,431240,414503,93575,83520
1997,26 years,491533,470884,95271,83124
1997,27 years,517231,497065,102816,83590
1997,28 years,568718,544854,101832,81879
1997,29 years,604716,580022,101002,78631
1997,30 years,629598,605450,94869,72946
1997,31 years,648448,624058,98975,73161
1997,32 years,656205,628702,100221,71373
1997,33 years,671183,646094,96712,68181
1997,34 years,671552,648009,91215,63216
1997,35 years,652955,631640,84654,59952
1997,36 years,650478,630473,73478,54475
1997,37 years,627311,610128,77884,56650
1997,38 years,614873,595043,68059,51868
1997,39 years,583999,565282,66075,49330
1997,40 years,574530,557710,63412,47032
1997,41 years,558676,543506,64232,49051
1997,42 years,544851,528930,59084,49797
1997,43 years,538231,524966,53459,49679
1997,44 years,524307,513202,48110,48108
1997,45 years,525758,513547,48935,51128
1997,46 years,517709,507650,46758,46934
1997,47 years,517517,507616,53272,52624
1997,48 years,501528,490992,53365,49123
1997,49 years,459217,451008,54046,46766
1997,50 years,429953,428645,53805,43425
1997,51 years,376889,377684,49634,38835
1997,52 years,331839,338614,44931,35091
1997,53 years,460092,464456,42669,32835
1997,54 years,472699,475742,41543,29865
1997,55 years,458117,464426,42957,29527
1997,56 years,565135,575043,39686,26375
1997,57 years,595067,611012,42908,28104
1997,58 years,586518,606307,38682,24430
1997,59 years,546907,568868,36415,23568
1997,60 years,511195,535460,32317,20886
1997,61 years,497596,528503,28741,18767
1997,62 years,482363,515281,24274,16557
1997,63 years,446293,482663,23440,15041
1997,64 years,354569,391200,21458,13981
1998,15 years,418489,398496,45349,41162
1998,16 years,428777,407376,49815,44440
1998,17 years,423611,405721,54462,46880
1998,18 years,425892,407462,56223,50500
1998,19 years,403349,384748,57342,53483
1998,20 years,398048,380085,60519,57523
1998,21 years,394319,376832,63779,62602
1998,22 years,384573,369665,71959,68448
1998,23 years,371692,356034,79133,73845
1998,24 years,377650,364202,84195,78437
1998,25 years,384136,371150,88585,81154
1998,26 years,432850,416665,92463,82467
1998,27 years,493033,473028,93522,81980
1998,28 years,518848,499001,100184,82112
1998,29 years,570109,546504,98589,80154
1998,30 years,606012,581585,97255,76411
1998,31 years,630673,606837,90920,70843
1998,32 years,649831,625645,94512,70618
1998,33 years,657716,630304,95413,68793
1998,34 years,672699,647624,92078,65477
1998,35 years,673042,649593,86717,60792
1998,36 years,654501,633245,80114,57560
1998,37 years,651548,632061,69620,52162
1998,38 years,628481,611680,73666,54511
1998,39 years,615996,596545,64317,49713
1998,40 years,585036,566736,62461,47330
1998,41 years,575412,558924,59903,45054
1998,42 years,559313,544940,60729,47005
1998,43 years,545339,530131,55849,47820
1998,44 years,538321,526069,50621,47953
1998,45 years,524280,514028,45638,46405
1998,46 years,525551,514394,46398,49475
1998,47 years,517394,508347,44447,45488
1998,48 years,516884,508199,50771,51057
1998,49 years,500756,491299,51026,47772
1998,50 years,458307,450957,51941,45618
1998,51 years,428838,428431,51796,42352
1998,52 years,375486,377329,47809,37797
1998,53 years,330436,338111,43299,34248
1998,54 years,457435,463286,41100,31972
1998,55 years,469607,474401,40007,29097
1998,56 years,454917,463060,41541,28740
1998,57 years,560691,573125,38346,25666
1998,58 years,589813,608954,41522,27314
1998,59 years,580711,603921,37495,23821
1998,60 years,540902,566328,34793,22838
1998,61 years,504937,532789,30792,20251
1998,62 years,490596,525458,27272,18184
1998,63 years,474882,511928,22916,15892
1998,64 years,438417,479002,22275,14447
1999,15 years,417489,396634,44836,41091
1999,16 years,420849,400838,45976,41292
1999,17 years,431003,409766,50587,44648
1999,18 years,425963,408342,54589,48553
1999,19 years,428395,410554,57406,54294
1999,20 years,405920,388346,59722,57798
1999,21 years,400450,383362,63218,61121
1999,22 years,396450,380024,67365,66246
1999,23 years,386445,372791,75244,71221
1999,24 years,373545,359027,82063,76034
1999,25 years,379388,367121,86108,79703
1999,26 years,386456,373904,89214,81680
1999,27 years,434731,419215,92534,82732
1999,28 years,494692,475332,92913,81781
1999,29 years,520623,501043,98579,81807
1999,30 years,571866,548456,96605,79397
1999,31 years,607755,583782,95138,75583
1999,32 years,632185,608259,88500,69867
1999,33 years,651634,627366,91158,69250
1999,34 years,659560,632106,91798,67395
1999,35 years,674745,649534,88658,64337
1999,36 years,674719,651280,83480,59571
1999,37 years,656182,634886,77206,56598
1999,38 years,652719,633419,67337,51248
1999,39 years,630101,613390,71145,53424
1999,40 years,616825,597988,62549,48776
1999,41 years,585790,567955,60814,46507
1999,42 years,576094,559875,58041,44406
1999,43 years,559827,545867,58714,46145
1999,44 years,545498,531069,54046,46901
1999,45 years,538486,526975,48974,47101
1999,46 years,523862,514603,44495,45597
1999,47 years,524867,514921,45165,48568
1999,48 years,516607,508773,43400,44674
1999,49 years,515827,508408,49358,50133
1999,50 years,499622,491378,49699,47056
1999,51 years,457054,450749,50453,44935
1999,52 years,427240,427873,50515,41929
1999,53 years,373898,376641,46708,37318
1999,54 years,328804,337361,42256,33755
1999,55 years,454535,461928,40052,31470
1999,56 years,466162,472831,38971,28718
1999,57 years,451513,461536,40584,28357
1999,58 years,555947,570991,37488,25355
1999,59 years,584362,606521,40508,27067
1999,60 years,574491,601178,36139,23389
1999,61 years,534495,563504,33472,22445
1999,62 years,498323,529997,29800,19962
1999,63 years,483264,522232,26368,17877
1999,64 years,466879,508177,22116,15788
2000,15 years,420350,400219,43689,40756
2000,16 years,419679,398779,45044,40798
2000,17 years,422748,402942,46453,41487
2000,18 years,433204,412089,50429,46314
2000,19 years,428390,411304,55188,52570
2000,20 years,431037,413938,59386,59045
2000,21 years,408118,391226,61470,62043
2000,22 years,402454,386020,66118,65748
2000,23 years,398157,382574,70601,70258
2000,24 years,388364,375451,77951,74298
2000,25 years,375544,361506,83743,78021
2000,26 years,381406,369458,86746,80635
2000,27 years,388644,376215,88799,82316
2000,28 years,436916,421252,91697,83021
2000,29 years,496682,477171,91713,81774
2000,30 years,522557,502997,96590,81443
2000,31 years,573746,550275,94376,78454
2000,32 years,609548,585469,92450,74732
2000,33 years,633823,609788,85796,68906
2000,34 years,653652,629067,88126,68044
2000,35 years,661627,633679,88562,66137
2000,36 years,676940,651161,85297,63183
2000,37 years,676649,652783,80308,58424
2000,38 years,658157,636364,74112,55457
2000,39 years,654205,634682,64748,50353
2000,40 years,631426,614784,68486,52626
2000,41 years,617848,599164,60494,47960
2000,42 years,586437,569061,58805,45793
2000,43 years,576534,560696,56373,43754
2000,44 years,560056,546609,56810,45481
2000,45 years,545533,531805,52517,46175
2000,46 years,538091,527494,47712,46498
2000,47 years,523237,514974,43311,44960
2000,48 years,523930,515129,44126,47953
2000,49 years,515364,508870,42386,44242
2000,50 years,514547,508355,48126,49670
2000,51 years,498098,490980,48477,46536
2000,52 years,455414,450247,49351,44431
2000,53 years,425410,427267,49421,41516
2000,54 years,371890,375871,45658,36883
2000,55 years,326747,336442,41319,33441
2000,56 years,451238,460347,39201,31067
2000,57 years,462439,471001,38180,28351
2000,58 years,447640,459723,39675,28039
2000,59 years,550404,568708,36771,25119
2000,60 years,578100,603775,39325,26570
2000,61 years,567674,598193,35063,22995
2000,62 years,527435,560340,32576,22103
2000,63 years,491215,526969,28909,19691
2000,64 years,475549,518606,25496,17581
2001,15 years,437006,415952,45353,41907
2001,16 years,422430,402340,45447,41195
2001,17 years,421631,400971,46898,41445
2001,18 years,424947,405221,48288,43770
2001,19 years,435692,414980,53521,51633
2001,20 years,430764,414514,59322,58599
2001,21 years,433168,416812,63909,64866
2001,22 years,409978,393775,67301,68268
2001,23 years,404075,388480,72399,71655
2001,24 years,399835,384929,76374,75094
2001,25 years,390176,377718,82785,77873
2001,26 years,377427,363799,87595,80633
2001,27 years,383430,371692,89435,82874
2001,28 years,390810,378162,90391,83864
2001,29 years,439058,423249,92442,84234
2001,30 years,498541,479036,91531,82599
2001,31 years,524534,504752,96317,82053
2001,32 years,575597,551994,93334,78627
2001,33 years,611406,587196,90907,74716
2001,34 years,635413,611328,84347,68910
2001,35 years,655409,630740,86245,67734
2001,36 years,663379,635202,86423,65666
2001,37 years,678795,652590,82957,62557
2001,38 years,678408,654092,78202,57988
2001,39 years,659611,637616,72350,55097
2001,40 years,655111,635861,63150,50141
2001,41 years,632503,615963,66815,52349
2001,42 years,618190,600168,58970,47703
2001,43 years,586774,570045,57322,45395
2001,44 years,576733,561395,55052,43427
2001,45 years,560052,547200,55389,45221
2001,46 years,545260,532327,51153,45933
2001,47 years,537314,527858,46433,46160
2001,48 years,522285,515128,42250,44652
2001,49 years,522845,515120,43031,47581
2001,50 years,514112,508692,41294,43924
2001,51 years,512921,508055,47121,49288
2001,52 years,496361,490543,47399,46282
2001,53 years,453498,449567,48354,44138
2001,54 years,423413,426415,48536,41217
2001,55 years,369628,374927,44860,36622
2001,56 years,324540,335394,40574,33216
2001,57 years,447562,458626,38400,30766
2001,58 years,458338,469140,37431,28067
2001,59 years,443555,457901,38896,27715
2001,60 years,544478,566246,35748,24783
2001,61 years,571355,600778,38178,26113
2001,62 years,560479,594979,34133,22642
2001,63 years,520177,557122,31662,21878
2001,64 years,483718,523519,28104,19514
2002,15 years,445879,421410,47688,44443
2002,16 years,438909,417926,46106,42178
2002,17 years,424060,404240,46402,41836
2002,18 years,423710,403114,47603,43473
2002,19 years,427320,408110,50257,48772
2002,20 years,437928,418141,56924,56940
2002,21 years,432832,417378,62528,63704
2002,22 years,434798,419311,68557,70137
2002,23 years,411502,396078,72182,73223
2002,24 years,405547,390571,76827,75915
2002,25 years,401344,386862,79642,78161
2002,26 years,391830,379601,84954,79878
2002,27 years,379337,365744,88811,82277
2002,28 years,385396,373542,90062,84124
2002,29 years,392948,380033,90114,84745
2002,30 years,441083,425136,91550,84765
2002,31 years,500364,480800,90312,82601
2002,32 years,526460,506413,95031,82057
2002,33 years,577392,553767,91340,78210
2002,34 years,612978,588662,88715,74331
2002,35 years,636798,612629,82331,68429
2002,36 years,657088,632048,83798,67011
2002,37 years,665054,636577,83956,64968
2002,38 years,680442,653892,80208,61921
2002,39 years,679681,655270,75845,57430
2002,40 years,660707,638657,70172,54662
2002,41 years,655709,636814,61370,49767
2002,42 years,633141,616880,64964,51924
2002,43 years,618507,600752,57431,47332
2002,44 years,586888,570448,55690,45188
2002,45 years,576281,561760,53584,43097
2002,46 years,559400,547495,53886,44926
2002,47 years,544520,532536,49831,45616
2002,48 years,536282,527940,45340,45902
2002,49 years,520980,514999,41118,44339
2002,50 years,521326,514894,41993,47244
2002,51 years,512410,508260,40321,43676
2002,52 years,510869,507425,46141,48970
2002,53 years,494056,489877,46587,46003
2002,54 years,451230,448710,47502,43851
2002,55 years,420937,425375,47690,40935
2002,56 years,367085,373793,44157,36310
2002,57 years,322083,334227,39794,32962
2002,58 years,443664,456624,37735,30432
2002,59 years,453855,467121,36763,27784
2002,60 years,439001,455693,37876,27400
2002,61 years,538288,563479,34869,24397
2002,62 years,564127,597446,37233,25784
2002,63 years,552621,591413,33235,22442
2002,64 years,512363,553424,30807,21670
2003,15 years,455358,431996,48677,45308
2003,16 years,447325,422897,48024,44348
2003,17 years,440114,419535,46748,42399
2003,18 years,425590,406070,46836,43183
2003,19 years,425874,405785,48891,47247
2003,20 years,429076,410564,52547,53548
2003,21 years,439399,420362,59261,61432
2003,22 years,434220,419400,65381,68004
2003,23 years,435992,421250,72385,74186
2003,24 years,412672,397770,75277,76745
2003,25 years,406837,392201,78809,78300
2003,26 years,402590,388255,81047,79736
2003,27 years,393130,380876,85487,81414
2003,28 years,380877,367291,88328,83211
2003,29 years,387095,375116,88841,84496
2003,30 years,394490,381545,88742,84721
2003,31 years,442628,426593,89697,84401
2003,32 years,501820,482245,88234,82115
2003,33 years,527780,507784,92581,81392
2003,34 years,578679,554915,88812,77626
2003,35 years,614212,589775,86025,73588
2003,36 years,637704,613385,79613,67675
2003,37 years,658296,632946,80987,66218
2003,38 years,666234,637262,80866,64113
2003,39 years,681167,654587,77725,61054
2003,40 years,680122,655907,73562,56768
2003,41 years,660894,639309,68169,54098
2003,42 years,655482,637181,59579,49306
2003,43 years,632828,617326,63118,51369
2003,44 years,618117,601022,55910,46849
2003,45 years,586336,570624,54319,44772
2003,46 years,575364,561639,52246,42788
2003,47 years,558332,547407,52599,44548
2003,48 years,543140,532406,48638,45249
2003,49 years,534700,527652,44230,45580
2003,50 years,519150,514538,40128,43974
2003,51 years,519515,514428,41009,46840
2003,52 years,510265,507549,39493,43348
2003,53 years,508463,506677,45131,48504
2003,54 years,491232,488933,45736,45734
2003,55 years,448520,447493,46649,43611
2003,56 years,418181,424193,46907,40644
2003,57 years,364284,372375,43454,36087
2003,58 years,319228,332812,39082,32694
2003,59 years,439313,454511,37020,30077
2003,60 years,449064,464717,35855,27340
2003,61 years,434040,453418,36865,26948
2003,62 years,531520,560303,34065,24141
2003,63 years,556402,593877,36110,25389
2003,64 years,544353,587576,32354,22117
2004,15 years,442067,420573,47469,45041
2004,16 years,456867,433317,48526,45106
2004,17 years,448531,424348,47985,44347
2004,18 years,441678,421328,46783,43238
2004,19 years,427886,408886,47550,46338
2004,20 years,427780,408107,50601,51796
2004,21 years,430726,412503,54374,57491
2004,22 years,440958,422164,61311,65263
2004,23 years,435593,421247,67737,71408
2004,24 years,437416,422855,74239,76647
2004,25 years,414112,399106,76310,78322
2004,26 years,408180,393474,79075,78854
2004,27 years,403960,389234,80439,80432
2004,28 years,394667,382118,84536,81646
2004,29 years,382471,368582,86565,83165
2004,30 years,388449,376413,86914,84158
2004,31 years,395699,382981,86254,83801
2004,32 years,444042,428079,87183,83411
2004,33 years,503207,483642,85582,80888
2004,34 years,529239,509130,89606,80147
2004,35 years,579780,556107,85931,76244
2004,36 years,615343,590323,83252,72353
2004,37 years,638602,614090,76815,66516
2004,38 years,659373,633792,77957,65041
2004,39 years,666958,638098,78177,62899
2004,40 years,681497,655093,75339,60005
2004,41 years,680278,656493,71289,55874
2004,42 years,660846,639859,66065,53119
2004,43 years,655088,637651,58074,48536
2004,44 years,632155,617537,61556,50643
2004,45 years,617700,601199,54422,46077
2004,46 years,585609,570669,52940,44173
2004,47 years,574298,561489,50884,42170
2004,48 years,557243,547182,51388,43950
2004,49 years,541738,532057,47513,44788
2004,50 years,532666,527213,43035,45132
2004,51 years,517320,513989,39093,43453
2004,52 years,517248,513764,39954,46290
2004,53 years,507846,506724,38404,42841
2004,54 years,505648,505691,44048,47885
2004,55 years,488292,487857,44600,45145
2004,56 years,445704,446294,45565,43002
2004,57 years,415186,422836,45700,40077
2004,58 years,361303,370925,42343,35567
2004,59 years,316276,331291,38270,32197
2004,60 years,434798,452197,35807,29422
2004,61 years,443954,462323,34721,26659
2004,62 years,428717,450906,35745,26363
2004,63 years,524432,556971,33033,23616
2004,64 years,548366,590113,34818,24815
2005,15 years,449773,426224,45912,43459
2005,16 years,443221,421738,47179,44693
2005,17 years,457835,434530,48067,44901
2005,18 years,449561,425761,47641,45050
2005,19 years,443441,423603,47175,46025
2005,20 years,429145,410589,49301,50625
2005,21 years,428828,409354,52743,56297
2005,22 years,431461,413686,57286,62072
2005,23 years,441576,423115,64607,69718
2005,24 years,436242,421959,70283,74921
2005,25 years,438019,423465,76047,79315
2005,26 years,414811,399454,77355,80236
2005,27 years,408830,393724,79535,80548
2005,28 years,404466,389476,80569,81699
2005,29 years,395306,382596,84120,82506
2005,30 years,383321,369201,85838,83736
2005,31 years,389275,377278,86080,84165
2005,32 years,396692,383867,85021,83516
2005,33 years,444854,428946,85686,83060
2005,34 years,503844,484347,84144,80305
2005,35 years,529934,509846,87624,79486
2005,36 years,580155,556538,84239,75495
2005,37 years,615678,590619,81264,71787
2005,38 years,638885,614349,75136,65876
2005,39 years,659315,633989,76395,64532
2005,40 years,666530,638169,77065,62370
2005,41 years,680907,655107,74025,59504
2005,42 years,679589,656448,70158,55406
2005,43 years,660002,639635,65159,52801
2005,44 years,654032,637434,57460,48202
2005,45 years,630958,617279,60859,50343
2005,46 years,616178,600773,53865,45822
2005,47 years,584089,570251,52414,43892
2005,48 years,572541,560891,50360,41977
2005,49 years,555281,546569,50918,43745
2005,50 years,539619,531294,46951,44586
2005,51 years,530277,526419,42684,44810
2005,52 years,514727,513106,38658,43112
2005,53 years,514540,512592,39478,45970
2005,54 years,504730,505422,37999,42594
2005,55 years,502292,504282,43481,47526
2005,56 years,484670,486220,44055,44788
2005,57 years,442329,444724,44823,42564
2005,58 years,411655,421244,45070,39703
2005,59 years,357908,369249,41734,35140
2005,60 years,313002,329595,37373,31739
2005,61 years,429922,449529,34946,28924
2005,62 years,438336,459451,33947,26157
2005,63 years,422950,448125,34809,25874
2005,64 years,516833,553218,32110,23184
2006,15 years,405681,385521,44056,41862
2006,16 years,450675,427131,45359,43005
2006,17 years,443850,422779,46551,44314
2006,18 years,458896,435820,47513,45195
2006,19 years,451266,427990,48009,46891
2006,20 years,444576,425219,48865,49736
2006,21 years,429968,411686,51608,54496
2006,22 years,429341,410102,55420,60094
2006,23 years,431898,414319,60474,65344
2006,24 years,441862,423739,67405,72118
2006,25 years,436716,422300,71722,76337
2006,26 years,438231,423636,76967,80186
2006,27 years,415081,399582,77772,80876
2006,28 years,409221,393848,79345,80925
2006,29 years,404880,389717,80003,81783
2006,30 years,395719,383130,83143,82187
2006,31 years,383896,369882,84586,82948
2006,32 years,389904,378069,84648,83248
2006,33 years,397459,384779,83280,82470
2006,34 years,445446,429774,84149,81869
2006,35 years,504343,485080,82213,78988
2006,36 years,530441,510416,85557,78323
2006,37 years,580478,556952,82105,74309
2006,38 years,615907,590942,79313,70599
2006,39 years,638656,614443,73546,64809
2006,40 years,658721,634037,74967,63502
2006,41 years,665947,638103,75561,61523
2006,42 years,680024,654934,72746,58686
2006,43 years,678619,656241,69162,54728
2006,44 years,658756,639302,64242,52046
2006,45 years,652489,636969,56808,47577
2006,46 years,629501,616744,59936,49787
2006,47 years,614328,600192,53397,45464
2006,48 years,582194,569621,51798,43445
2006,49 years,570422,560067,49679,41588
2006,50 years,553038,545578,50300,43367
2006,51 years,537242,530230,46384,44233
2006,52 years,527520,525337,42084,44418
2006,53 years,511783,511891,38155,42692
2006,54 years,511387,511223,38952,45421
2006,55 years,501342,503935,37545,42110
2006,56 years,498658,502579,42856,47066
2006,57 years,481088,484409,43325,44206
2006,58 years,438494,442914,44206,41993
2006,59 years,407818,419445,44294,39166
2006,60 years,354148,367512,40714,34378
2006,61 years,309378,327692,36337,31003
2006,62 years,424701,446749,34093,28372
2006,63 years,432531,456513,32930,25660
2006,64 years,416924,445140,33811,25360
2007,15 years,388171,369722,43768,41580
2007,16 years,406388,386267,43772,41685
2007,17 years,451157,427977,45114,42786
2007,18 years,444834,424016,46579,44713
2007,19 years,460626,437857,48734,47218
2007,20 years,452424,429481,50354,50672
2007,21 years,445321,426246,51577,53449
2007,22 years,430493,412431,54603,58069
2007,23 years,429635,410596,58688,63382
2007,24 years,432149,414657,63310,67963
2007,25 years,442095,423699,69446,74052
2007,26 years,436730,422284,72977,77432
2007,27 years,438199,423541,77665,81000
2007,28 years,415024,399540,78212,81468
2007,29 years,409220,394029,79042,81075
2007,30 years,404935,389852,79416,81660
2007,31 years,396080,383685,82427,81738
2007,32 years,384203,370546,83733,82463
2007,33 years,390340,378913,83719,82702
2007,34 years,398005,385573,81906,81518
2007,35 years,445951,430532,82797,81107
2007,36 years,504731,485664,80859,78145
2007,37 years,530713,510914,83837,77609
2007,38 years,580735,557281,80720,73552
2007,39 years,615630,591056,78194,69906
2007,40 years,638209,614570,72726,64202
2007,41 years,658177,633982,73809,62903
2007,42 years,665081,637945,74516,60947
2007,43 years,678946,654631,71771,58257
2007,44 years,677262,655882,68432,54302
2007,45 years,657315,638727,63471,51762
2007,46 years,650826,636266,56100,47367
2007,47 years,627760,616030,59180,49588
2007,48 years,612253,599412,53010,45190
2007,49 years,580065,568754,51231,43236
2007,50 years,568056,559024,49146,41380
2007,51 years,550562,544458,49838,43232
2007,52 years,534548,528995,45795,44087
2007,53 years,524541,524153,41555,44110
2007,54 years,508613,510562,37722,42425
2007,55 years,508044,509657,38443,45149
2007,56 years,497645,502172,37084,41834
2007,57 years,494811,500706,42277,46578
2007,58 years,477189,482554,42761,43721
2007,59 years,434380,440966,43542,41520
2007,60 years,403806,417504,43292,38516
2007,61 years,350155,365456,39850,33797
2007,62 years,305600,325781,35501,30507
2007,63 years,419025,443883,33222,27936
2007,64 years,426424,453410,32026,25237
2008,15 years,379749,359828,41978,40170
2008,16 years,388839,370552,43591,41172
2008,17 years,406881,387133,43462,41096
2008,18 years,452014,429103,45183,42920
2008,19 years,446474,425894,47590,46001
2008,20 years,461638,439079,51066,50606
2008,21 years,452892,430258,52824,53535
2008,22 years,445552,426562,54220,56063
2008,23 years,430571,412647,57336,59882
2008,24 years,429592,410514,60510,64492
2008,25 years,432129,414155,64140,68292
2008,26 years,441761,423048,69664,73874
2008,27 years,436317,421687,72825,76833
2008,28 years,437719,423067,77052,80222
2008,29 years,414799,399372,76650,80586
2008,30 years,408929,393913,77130,79738
2008,31 years,404745,389953,77449,80335
2008,32 years,396072,383969,79979,80405
2008,33 years,384209,371091,81451,80919
2008,34 years,390559,379423,81170,81231
2008,35 years,398088,386083,79449,80097
2008,36 years,446061,430915,80034,79771
2008,37 years,504804,485786,78223,76789
2008,38 years,530721,511106,80961,76314
2008,39 years,580356,557298,78398,72289
2008,40 years,614908,590811,75978,68858
2008,41 years,637364,614310,70861,63244
2008,42 years,657041,633517,71800,61898
2008,43 years,663809,637415,72442,59955
2008,44 years,677514,653970,69822,57382
2008,45 years,675647,655100,66616,53563
2008,46 years,655434,637817,61848,51086
2008,47 years,648764,635316,54606,46776
2008,48 years,625576,614929,57561,48989
2008,49 years,609862,598222,51562,44772
2008,50 years,577579,567447,49851,42725
2008,51 years,565465,557805,47708,40851
2008,52 years,547752,543045,48484,42674
2008,53 years,531429,527520,44578,43646
2008,54 years,521257,522583,40452,43620
2008,55 years,505111,508886,36686,41934
2008,56 years,504300,507796,37374,44600
2008,57 years,493759,500179,36122,41221
2008,58 years,490554,498579,41318,45892
2008,59 years,472716,480337,41801,43051
2008,60 years,429836,438649,42402,40764
2008,61 years,399237,415118,42076,37715
2008,62 years,345758,363072,38672,33102
2008,63 years,301452,323550,34335,29838
2008,64 years,413120,440664,32099,27272
2009,15 years,365330,345774,40487,38530
2009,16 years,380655,360975,41955,39839
2009,17 years,389517,371590,43636,40771
2009,18 years,408041,388470,44022,41483
2009,19 years,453636,430883,46753,44725
2009,20 years,447509,427266,50248,49455
2009,21 years,462266,440072,54052,53953
2009,22 years,453410,430739,55799,56517
2009,23 years,445872,426924,57168,58377
2009,24 years,430829,412825,59500,61676
2009,25 years,429699,410431,62160,65534
2009,26 years,432056,413764,64814,68713
2009,27 years,441772,422754,69840,73669
2009,28 years,436342,421641,72266,76456
2009,29 years,437833,423135,76086,79455
2009,30 years,415067,399439,75263,79602
2009,31 years,409325,394318,75589,78475
2009,32 years,405218,390461,75744,79135
2009,33 years,396678,384575,78026,78998
2009,34 years,384729,371792,79285,79538
2009,35 years,391134,380167,78890,79741
2009,36 years,398644,386673,77246,78825
2009,37 years,446567,431441,77744,78522
2009,38 years,505240,486179,75748,75312
2009,39 years,530652,511348,78841,75158
2009,40 years,580158,557443,76423,71180
2009,41 years,614593,590848,74136,67910
2009,42 years,636836,614120,68985,62184
2009,43 years,656268,633140,69895,60950
2009,44 years,662787,637063,70604,59057
2009,45 years,676128,653403,68163,56571
2009,46 years,674047,654391,64867,52898
2009,47 years,653690,636935,60024,50435
2009,48 years,646680,634388,52974,46234
2009,49 years,623379,613857,55961,48285
2009,50 years,607525,597019,50015,44296
2009,51 years,575059,566232,48506,42267
2009,52 years,562590,556424,46444,40399
2009,53 years,544804,541525,47084,42331
2009,54 years,528185,525879,43426,43197
2009,55 years,517751,520944,39298,43000
2009,56 years,501498,507119,35624,41379
2009,57 years,500233,505860,36332,43960
2009,58 years,489616,498032,35030,40580
2009,59 years,485976,496370,40138,45172
2009,60 years,467763,477854,40485,42190
2009,61 years,425102,436247,41053,39891
2009,62 years,394393,412591,40810,36914
2009,63 years,341243,360687,37364,32416
2009,64 years,297129,321198,33118,29146
2010,15 years,361813,343127,38880,37249
2010,16 years,366500,346928,40939,38501
2010,17 years,381564,362119,42416,39652
2010,18 years,390780,373154,44785,41462
2010,19 years,409953,390554,46199,43819
2010,20 years,454912,432526,50522,49139
2010,21 years,448485,428410,54453,53986
2010,22 years,462939,440892,58394,57794
2010,23 years,453991,431451,60684,60180
2010,24 years,446296,427280,61758,61899
2010,25 years,431084,412758,63706,64348
2010,26 years,429846,410171,65749,67853
2010,27 years,432148,413604,67402,70512
2010,28 years,441901,422823,72042,74966
2010,29 years,436570,421867,74011,77225
2010,30 years,438105,423475,77472,80047
2010,31 years,415729,400061,76195,79683
2010,32 years,409872,395162,76029,78601
2010,33 years,405890,391323,76130,79014
2010,34 years,397426,385435,78059,78858
2010,35 years,385638,372680,79043,79231
2010,36 years,391932,380995,78933,79318
2010,37 years,399365,387316,76720,78332
2010,38 years,447401,432087,77089,77975
2010,39 years,505471,486723,75602,74993
2010,40 years,530684,511737,78611,74842
2010,41 years,580109,557751,76318,70904
2010,42 years,614181,590920,73891,67539
2010,43 years,636268,614189,68898,61917
2010,44 years,655437,632962,69743,60674
2010,45 years,661677,636764,70282,58807
2010,46 years,674839,653000,67898,56414
2010,47 years,672443,653595,64565,52706
2010,48 years,651809,636147,59766,50230
2010,49 years,644667,633390,52635,46091
2010,50 years,621160,612704,55534,48117
2010,51 years,604961,595772,49681,44164
2010,52 years,572390,564994,48110,42139
2010,53 years,559621,554906,46129,40252
2010,54 years,541619,539994,46677,42051
2010,55 years,524701,524248,42977,42950
2010,56 years,514107,519149,38974,42675
2010,57 years,497575,505302,35183,41028
2010,58 years,496064,503834,35803,43658
2010,59 years,485085,495908,34577,40217
2010,60 years,481101,493940,39432,44533
2010,61 years,462512,475248,39785,41614
2010,62 years,420229,433556,40156,39296
2010,63 years,389359,409940,39804,36335
2010,64 years,336265,358133,36347,31852
2011,15 years,374974,355627,36514,34792
2011,16 years,363619,345414,35910,33708
2011,17 years,367966,349404,37215,34803
2011,18 years,382127,363878,38173,35300
2011,19 years,390037,373451,38548,36486
2011,20 years,407843,390092,41394,40299
2011,21 years,452577,432334,45308,44661
2011,22 years,445573,427750,48831,47874
2011,23 years,460468,440202,52392,51886
2011,24 years,452598,432291,54160,53544
2011,25 years,444418,428037,54947,55356
2011,26 years,427773,412287,56721,57734
2011,27 years,427171,410600,58397,61046
2011,28 years,429212,413411,60362,64000
2011,29 years,438087,422565,64773,68510
2011,30 years,431795,421068,66306,71471
2011,31 years,429688,421411,69553,73986
2011,32 years,408417,399573,68641,73714
2011,33 years,402986,394553,69247,73377
2011,34 years,399403,391040,70160,73565
2011,35 years,389790,384161,70755,73957
2011,36 years,378314,371486,71354,73769
2011,37 years,384071,379525,72022,74790
2011,38 years,391939,386094,69867,73473
2011,39 years,434958,427538,69490,72093
2011,40 years,491465,481715,67870,69683
2011,41 years,513549,504724,68195,68450
2011,42 years,563213,551105,66742,64721
2011,43 years,597287,584610,64417,61590
2011,44 years,621565,609483,59856,56390
2011,45 years,642831,629789,60807,55885
2011,46 years,648305,633305,60653,54370
2011,47 years,663253,650725,58971,52135
2011,48 years,661644,650818,55271,47869
2011,49 years,641900,633522,50870,45837
2011,50 years,636858,631327,44828,41451
2011,51 years,613011,608804,45307,42370
2011,52 years,600034,595963,41042,38329
2011,53 years,565849,563538,39463,36497
2011,54 years,552852,553470,38082,35005
2011,55 years,534208,537900,38763,36444
2011,56 years,517337,523001,35078,37429
2011,57 years,506206,517328,31417,37421
2011,58 years,489687,503218,28209,36214
2011,59 years,487220,500934,29249,38329
2011,60 years,477157,493624,28217,35129
2011,61 years,471159,489255,33040,39499
2011,62 years,454630,473242,33809,36937
2011,63 years,411614,430137,34788,34892
2011,64 years,381091,405921,34830,32599
2012,15 years,382240,363561,37610,35670
2012,16 years,376622,357111,37359,35088
2012,17 years,365082,346790,36799,34052
2012,18 years,369819,351228,39506,36498
2012,19 years,385044,366397,42129,39500
2012,20 years,391982,375496,44677,42674
2012,21 years,409233,391646,48404,46764
2012,22 years,453678,433582,53281,51661
2012,23 years,446608,428718,57872,55652
2012,24 years,461346,440878,61480,59049
2012,25 years,453221,432644,62965,60299
2012,26 years,444790,428208,63450,61536
2012,27 years,428088,412614,64562,63201
2012,28 years,427580,411009,65635,65738
2012,29 years,429763,413964,66577,68035
2012,30 years,438678,423249,70391,72019
2012,31 years,432547,421920,71429,74559
2012,32 years,430600,422578,73784,76677
2012,33 years,409323,400783,72913,75865
2012,34 years,404074,395794,72772,75171
2012,35 years,400454,392124,73470,75370
2012,36 years,390878,385178,73952,75559
2012,37 years,379434,372465,74439,75426
2012,38 years,385299,380444,74328,76220
2012,39 years,392418,386985,72677,74896
2012,40 years,435359,428303,72150,73479
2012,41 years,491585,482300,70841,70828
2012,42 years,513579,505121,70678,69750
2012,43 years,563043,551457,69234,65707
2012,44 years,596859,584789,66679,62782
2012,45 years,620796,609429,61917,57585
2012,46 years,641745,629574,62634,56831
2012,47 years,647139,632774,62102,55230
2012,48 years,661890,650072,60419,53026
2012,49 years,659851,650051,56542,48594
2012,50 years,639913,632551,52054,46581
2012,51 years,634383,630303,46068,42077
2012,52 years,610366,607657,46389,42948
2012,53 years,597259,594546,41885,38849
2012,54 years,562898,562156,40144,36907
2012,55 years,549526,551881,38823,35484
2012,56 years,530665,536151,39301,36742
2012,57 years,513559,521137,35409,37564
2012,58 years,502112,515370,31588,37511
2012,59 years,485229,501043,28260,36264
2012,60 years,482517,498536,29049,38155
2012,61 years,472115,491040,28045,34967
2012,62 years,465715,486408,32806,39238
2012,63 years,448899,470368,33207,36625
2012,64 years,405970,427127,34233,34584
2013,15 years,371988,353452,36992,35175
2013,16 years,383862,364966,39010,36452
2013,17 years,378118,358500,38829,35753
2013,18 years,366844,348357,41309,36780
2013,19 years,372592,353624,46266,41628
2013,20 years,386897,368200,49970,47051
2013,21 years,393488,376867,53079,50046
2013,22 years,410402,392814,57463,54040
2013,23 years,454444,434299,64280,60183
2013,24 years,447369,429351,68132,63656
2013,25 years,461799,441073,71829,66632
2013,26 years,453488,432867,72598,66900
2013,27 years,445031,428415,72445,67529
2013,28 years,428418,412965,72946,68631
2013,29 years,427948,411554,72870,70488
2013,30 years,430205,414567,73050,72111
2013,31 years,439212,424226,75998,75713
2013,32 years,433311,422922,76266,77557
2013,33 years,431552,423742,78645,79339
2013,34 years,410233,402047,76998,78275
2013,35 years,405063,397036,76509,77438
2013,36 years,401264,393271,77313,77299
2013,37 years,391885,386268,77133,77442
2013,38 years,380597,373444,77224,77186
2013,39 years,385760,381479,77678,77816
2013,40 years,392592,387795,75581,76533
2013,41 years,435548,429009,75091,75010
2013,42 years,491620,482831,73525,72228
2013,43 years,513370,505638,73270,71058
2013,44 years,562676,551764,71558,67202
2013,45 years,596234,584938,69113,64085
2013,46 years,619887,609397,64038,58727
2013,47 years,640708,629216,64140,57788
2013,48 years,645731,632232,63651,56196
2013,49 years,660223,649447,61910,53933
2013,50 years,657867,649277,57749,49553
2013,51 years,637662,631583,53180,47282
2013,52 years,631779,629028,47061,42857
2013,53 years,607643,606302,47151,43598
2013,54 years,594128,593044,42653,39461
2013,55 years,559575,560538,40635,37473
2013,56 years,545949,550030,39225,35905
2013,57 years,526884,534228,39608,37044
2013,58 years,509364,519076,35537,37806
2013,59 years,497555,513141,31638,37681
2013,60 years,480512,498632,28192,36304
2013,61 years,477311,495981,28870,38015
2013,62 years,466745,488302,27879,34841
2013,63 years,459946,483242,32307,38987
2013,64 years,442824,467096,32621,36343
2014,15 years,366139,346258,38380,35884
2014,16 years,373459,354657,40903,36980
2014,17 years,385223,366290,43008,38116
2014,18 years,379780,360084,46741,39614
2014,19 years,369180,350429,51840,43823
2014,20 years,374207,355285,58509,51172
2014,21 years,388065,369418,61970,55504
2014,22 years,394332,377891,65492,58207
2014,23 years,410914,393420,71076,63408
2014,24 years,454990,434863,78349,69256
2014,25 years,447577,429468,81289,72357
2014,26 years,461896,441023,84831,74425
2014,27 years,453335,432830,84004,74192
2014,28 years,445064,428499,83012,74049
2014,29 years,428432,413329,82581,74633
2014,30 years,428154,412188,81771,75807
2014,31 years,430463,415393,80410,76781
2014,32 years,439675,425197,82622,79841
2014,33 years,433875,423962,82226,81117
2014,34 years,432193,424979,84666,82761
2014,35 years,410800,403373,82086,81477
2014,36 years,405752,398163,81305,80295
2014,37 years,401980,394331,81662,79981
2014,38 years,392625,387316,81012,79983
2014,39 years,381005,374438,81218,79814
2014,40 years,386083,382318,81594,80184
2014,41 years,392830,388661,79053,78639
2014,42 years,435638,429791,78428,76989
2014,43 years,491456,483377,76517,74170
2014,44 years,513223,506037,76322,72969
2014,45 years,562127,552031,74388,68948
2014,46 years,595449,584984,71845,65763
2014,47 years,618845,609172,66591,60290
2014,48 years,639366,628751,66179,59156
2014,49 years,644106,631590,65300,57543
2014,50 years,658264,648608,63257,55060
2014,51 years,655611,648230,58880,50603
2014,52 years,635104,630489,54261,48238
2014,53 years,628853,627664,48128,43749
2014,54 years,604529,604770,47917,44437
2014,55 years,590701,591434,43295,40194
2014,56 years,556169,558847,40949,38004
2014,57 years,542056,548143,39544,36334
2014,58 years,522776,532221,39818,37392
2014,59 years,504898,516847,35527,37983
2014,60 years,492863,510700,31577,37680
2014,61 years,475419,496049,27979,36270
2014,62 years,471772,493404,28571,37902
2014,63 years,460871,485372,27404,34608
2014,64 years,453881,480095,31792,38768
2015,15 years,377894,359111,36536,28674
2015,16 years,367587,347555,55682,40470
2015,17 years,374876,356005,58571,41590
2015,18 years,387036,368033,72496,45606
2015,19 years,382101,362261,76691,51189
2015,20 years,370566,351999,84211,58083
2015,21 years,375181,356582,87464,63687
2015,22 years,388748,370374,91219,67714
2015,23 years,394970,378700,95334,71579
2015,24 years,411486,394061,99389,76531
2015,25 years,455184,434947,108910,82467
2015,26 years,447538,429467,107901,84701
2015,27 years,461631,440973,110247,86226
2015,28 years,453282,432867,106369,84933
2015,29 years,444969,428791,102684,83594
2015,30 years,428559,413941,101705,84078
2015,31 years,428405,413053,97806,84150
2015,32 years,430868,416469,94845,84092
2015,33 years,440278,426265,96067,86610
2015,34 years,434571,425073,93965,87060
2015,35 years,432973,426211,97598,89183
2015,36 years,411460,404704,92521,87000
2015,37 years,406418,399290,90833,85269
2015,38 years,402836,395441,90382,84869
2015,39 years,392959,388300,89300,84197
2015,40 years,381506,375454,89358,84135
2015,41 years,386333,383309,88905,84247
2015,42 years,393133,389449,85475,82627
2015,43 years,435761,430360,84673,80477
2015,44 years,491238,483857,82426,77365
2015,45 years,512899,506458,81949,76024
2015,46 years,561522,552147,79457,71967
2015,47 years,594538,584878,76547,68703
2015,48 years,617696,608909,70667,62698
2015,49 years,637805,628241,69465,61134
2015,50 years,642253,630918,68205,59536
2015,51 years,656177,647759,65764,56517
2015,52 years,653094,647180,61133,52103
2015,53 years,632374,629172,56274,49580
2015,54 years,625762,626241,49791,44932
2015,55 years,601108,603111,49447,45730
2015,56 years,586929,589583,44245,41009
2015,57 years,552369,556970,41954,38851
2015,58 years,537769,546045,40184,36914
2015,59 years,518189,530067,40297,37869
2015,60 years,500068,514404,36012,38412
2015,61 years,487640,507954,31744,37759
2015,62 years,469974,493239,28061,36369
2015,63 years,465647,490349,28404,37855
2015,64 years,454554,482085,27154,34372
2016,15 years,363815,344232,37551,29263
2016,16 years,378470,359579,46706,32420
2016,17 years,368500,348536,69171,43451
2016,18 years,375620,357022,73080,46927
2016,19 years,387662,369228,86823,54813
2016,20 years,381661,362663,90354,62191
2016,21 years,369377,351967,95099,67428
2016,22 years,373518,356301,98699,71809
2016,23 years,386370,369801,102526,77160
2016,24 years,392348,378023,105978,80758
2016,25 years,408528,393032,109307,85264
2016,26 years,451635,433611,117983,90784
2016,27 years,444262,428244,116299,92701
2016,28 years,458471,439830,117691,92899
2016,29 years,450270,432052,112659,91234
2016,30 years,442185,428427,108074,89517
2016,31 years,426133,413840,106854,89501
2016,32 years,426009,413214,102077,88587
2016,33 years,428897,416890,98272,88122
2016,34 years,438427,426851,99252,89946
2016,35 years,432940,425697,96647,90179
2016,36 years,431309,426883,100132,92126
2016,37 years,410060,405327,94857,89420
2016,38 years,405029,399890,92836,87835
2016,39 years,401595,396000,92201,87075
2016,40 years,391629,388943,90960,86345
2016,41 years,380296,375988,90948,85891
2016,42 years,385202,383768,90180,86034
2016,43 years,391932,389904,86858,84330
2016,44 years,434393,430574,85959,81852
2016,45 years,489521,483830,83600,78859
2016,46 years,511106,506323,82942,77371
2016,47 years,559283,551697,80159,73192
2016,48 years,592105,584210,77549,69907
2016,49 years,614988,608013,71490,63767
2016,50 years,634767,627158,70075,61957
2016,51 years,639032,629723,68736,60262
2016,52 years,652727,646330,65849,57045
2016,53 years,649336,645594,61222,52580
2016,54 years,628366,627522,56142,49884
2016,55 years,621372,624275,49596,45165
2016,56 years,596716,600975,49403,46026
2016,57 years,582114,587329,44043,41069
2016,58 years,547473,554624,41718,38769
2016,59 years,532472,543425,39840,36722
2016,60 years,512748,527439,39726,37740
2016,61 years,494615,511648,35396,38113
2016,62 years,481799,504984,31238,37496
2016,63 years,463642,490084,27463,35958
2016,64 years,458974,486879,27856,37482